1970-01-01,02-epel4,03-epel5,04-epel6,05-epel7,06-f03,07-f04,08-f05,09-f06,10-f07,11-f08,12-f09,13-f10,14-f11,15-f12,16-f13,17-f14,18-f15,19-f16,20-f17,21-f18,22-f19,23-f20,24-f21,25-f22,26-f23,27-f24,28-f25,29-f26,30-f27,31-f28,32-f29,33-rawhide,34-unk_rel,35-epel,36-fedora,37-alpha,38-arm,39-arm64,40-ia64,41-mips,42-ppc,43-s390,44-sparc,45-tilegx,46-x86_32,47-x86_64,48-x86_32_e,49-x86_32_f,50-x86_64_e,51-x86_64_f,52-ppc_e,53-ppc_f,54-unk_arc,55-centos,56-rhel,57-ppc64,58-ppc64le,59-modular,60-modular_rawhide,61-modular_f27,62-modular_f28,63-modular_f29,64-modular_f30,65-f30,66-f31,67-f32,68-f33,69-modular_f31,70-modular_f32,71-modular_f33,72-epel8
1970-01-02,0,0,0,0,0,0,0,0,0,0,0,0,0,0,0,0,0,0,0,0,0,0,0,0,0,0,0,0,0,0,0,0,0,0,0,0,0,0,0,0,0,0,0,0,0,0,0,0,0,0,0,0,0,0,0,0,0,0,0,0,0,0,0,0,0,0,0,0,0,0,0
2020-01-01,254,38509,640595,1169263,1,5,7,147,130,2130,266,370,22,135,73,177,45,49,62,14,57,3458,3593,5708,12456,7202,15472,9564,13978,18104,31321,1431,1608,1901631,266037,0,4015,11407,2,1,21,124,0,0,45988,2275916,33486,10585,1858358,144769,352,347,665,0,1,246,697,170411,605,4,3613,29681,57687,60393,79585,82,0,78759,62,0,53009
2020-01-02,253,38948,645909,1231083,1,5,8,208,218,2234,304,402,24,138,89,235,58,58,88,23,63,4190,3926,6088,15019,7850,16805,11265,14234,20201,35494,1559,1991,1973440,306349,0,4177,11500,2,2,25,138,0,0,50654,2410634,36243,12348,1927443,161215,398,334,923,0,0,251,720,197881,635,5,3706,33186,66554,70578,94909,75,0,93731,63,1,57247
2020-01-03,253,38994,653719,1258163,3,5,7,177,204,2245,304,391,25,137,92,235,46,60,78,27,59,3909,3953,6121,15072,7967,16824,11477,14515,20277,35276,1653,2026,2008929,307017,0,4226,11281,2,1,22,138,0,0,50440,2446931,36165,12205,1963377,161454,404,335,890,0,0,238,732,197616,687,4,3711,33023,66434,70501,95293,83,1,93690,67,0,57800
2020-01-04,257,38803,626447,1186845,0,3,7,157,174,2189,270,361,25,139,83,215,48,56,70,18,57,3956,3715,5977,13461,7599,16169,10775,13708,18918,32296,1549,1950,1907578,284585,0,4149,11913,2,0,30,133,0,0,49055,2308677,35395,11545,1862146,150464,351,345,815,0,1,244,690,182240,645,4,3644,30446,60660,64119,88393,77,1,86784,57,0,55225
2020-01-05,212,30106,570071,1111472,1,3,6,133,91,1782,247,332,19,116,65,151,36,35,57,13,48,3040,3597,5767,13073,7166,15550,9957,12481,17919,31530,1417,5260,1766188,273007,0,4099,10049,2,0,18,122,0,0,42053,2164831,29817,10178,1728156,143952,338,302,670,0,0,223,640,178843,591,5,3543,29929,59718,62133,86180,62,0,85002,55,0,54327
2020-01-06,71,8713,266943,764747,0,0,4,46,65,659,112,122,4,34,38,85,21,24,28,2,24,1438,2790,4775,10531,5713,11898,6249,9776,13252,23909,931,5369,1086410,197497,0,3275,4193,2,0,6,76,0,0,21450,1386247,13752,6351,1070016,109483,229,212,219,0,0,159,436,127166,379,1,3121,23271,44831,46171,58766,30,0,55543,20,0,45936
2020-01-07,125,14251,283039,772491,0,3,2,119,150,1193,161,167,6,76,41,99,25,23,36,11,35,1586,3082,4815,10126,6178,13193,7277,11514,14458,26199,1236,8655,1118878,226208,0,3250,4896,2,1,11,86,0,0,23512,1466344,14690,7291,1100885,119523,259,214,327,0,0,164,507,145820,461,3,3029,25090,50154,53255,71075,67,0,67048,35,0,48972
2020-01-08,251,38952,671848,1270124,0,4,8,194,259,2252,308,412,23,141,88,230,50,73,104,22,60,4242,4002,6383,14114,8047,17452,11935,17362,21694,37803,2116,15176,2043430,330572,0,4205,10997,2,1,21,146,0,0,50711,2534181,36209,12309,1997892,171587,459,257,911,0,0,216,795,213904,896,6,3783,34780,71391,75984,105113,97,0,102973,74,1,62255
2020-01-09,251,39281,663411,1275397,0,4,7,194,243,2278,298,400,22,142,90,234,61,85,103,29,67,4353,4067,6305,14017,8175,17592,11914,17276,21537,37153,2418,17146,2041476,331700,0,4230,11152,2,1,20,144,0,0,51194,2535690,36375,12606,1995763,170685,459,281,901,0,2,213,832,215115,1058,7,3747,34641,71325,75612,106929,95,0,104257,80,0,63134
2020-01-10,249,39073,650949,1246851,0,4,8,190,234,2268,305,388,23,138,91,225,57,74,82,28,64,4293,4021,6360,14195,8183,17352,11804,17516,21441,36300,2502,18640,2000389,328745,0,4205,9986,2,5,21,143,0,0,50810,2491948,36246,12455,1955735,169053,457,279,957,0,3,208,855,212487,1121,3,3728,33737,70581,74926,105574,99,0,103243,74,0,63264
2020-01-11,259,38587,631310,1200282,0,4,7,161,171,2191,270,374,24,146,86,201,43,61,71,21,63,3813,3769,5977,13314,7717,16390,10960,14371,19180,31952,2132,17791,1930130,290716,0,4205,10213,2,0,31,134,0,0,49057,2359315,35240,11661,1886363,151541,355,286,845,0,0,205,717,187054,967,5,3624,30127,61020,64110,93053,84,0,91248,61,2,59692
2020-01-12,254,38409,631375,1194009,0,5,7,150,123,2145,275,363,22,134,78,181,42,52,57,20,54,3582,3665,5960,13133,7364,16234,10746,13506,18977,32137,2169,18240,1923640,289833,0,4204,10792,2,0,21,139,0,0,47500,2354640,34331,11074,1880368,150034,366,269,727,0,1,200,734,188215,969,3,3583,30331,61113,64656,93907,89,0,92155,61,0,59592
2020-01-13,256,39047,664537,1282244,0,5,7,197,231,2237,300,375,25,141,87,219,52,68,99,25,69,4330,4008,6409,14073,8279,17482,11822,15942,21861,37548,2625,21650,2050909,332739,0,4256,10438,2,2,21,146,0,0,50593,2554434,36109,12251,2006367,170194,453,273,979,0,1,204,847,217773,1149,6,3734,34383,71235,75407,108701,115,0,107172,94,0,64824
2020-01-14,255,38999,674618,1278297,0,5,8,195,204,2240,305,395,25,135,102,229,50,64,94,26,60,3784,3998,6358,13741,8265,17450,11840,16971,21632,36643,2562,23180,2058763,332765,0,4178,10530,2,3,22,139,0,0,50964,2562701,36459,12295,2013728,168817,436,266,949,0,0,209,778,216897,1130,3,3726,34092,70852,75870,109388,126,0,107005,88,1,66594
2020-01-15,252,38995,691673,1281438,1,5,7,187,192,2227,313,380,20,139,93,218,41,65,98,28,64,4199,4082,6324,13731,8156,17453,11832,17409,21625,37142,2465,24615,2079838,333066,0,4201,10234,2,4,27,139,0,0,51270,2585100,36732,12297,2034683,169876,465,260,1015,0,0,213,817,216582,1079,4,3652,34066,70595,75605,108858,107,0,107105,81,0,67480
2020-01-16,246,39044,671617,1285258,1,5,8,215,203,2273,305,389,27,142,104,227,56,62,91,24,71,4135,4007,6243,13601,8308,17538,11972,15409,21724,37010,2522,26316,2064720,330845,0,4222,9986,2,2,23,140,0,0,51253,2568930,36568,12395,2019996,167706,449,310,956,0,2,214,877,215823,1099,7,3659,33864,70054,75098,108959,116,0,107054,86,0,68553
2020-01-17,253,39012,664089,1279494,0,5,8,198,192,2224,292,387,23,140,90,223,62,60,92,29,63,4221,4035,6341,13427,8329,17205,11737,17169,21052,35886,2573,27363,2051483,327258,0,4171,9851,2,4,22,133,0,0,51414,2550130,37024,12187,2006472,166249,416,270,925,0,1,209,770,212628,1101,6,3611,32802,68924,73509,107567,118,1,106104,80,0,68634
2020-01-18,256,38501,643784,1192452,0,4,9,153,166,2163,261,360,24,140,89,209,46,62,77,18,61,3507,3699,6001,12915,7639,16348,10850,13991,18877,31630,1858,25802,1938985,286959,0,4121,10198,2,2,28,124,0,0,48984,2371012,35503,11465,1895031,148574,375,240,862,0,0,208,654,185279,830,3,3544,29230,58940,61793,93921,88,0,92669,63,0,63992
2020-01-19,248,38478,646515,1200154,0,5,7,152,120,2106,276,359,21,140,79,171,46,55,64,21,57,3853,3708,5865,12853,7427,16103,10800,13622,18944,31592,1543,26254,1949950,288062,0,4134,10436,2,11,21,127,0,0,47859,2386655,34830,11053,1906483,147780,367,236,872,0,1,205,674,187402,672,1,3516,29200,59674,62394,95598,81,0,94280,58,1,64554
2020-01-20,254,38658,674548,1279979,2,4,7,200,249,2220,301,380,21,138,85,222,44,75,101,28,75,3974,3959,6345,13252,8157,17461,11744,16234,21290,36214,1930,30612,2063973,327572,0,4178,10026,2,6,21,144,0,0,50672,2568037,36242,12227,2019627,165106,431,285,984,0,0,213,825,213738,787,7,3622,33023,68388,72973,109775,111,1,107825,85,1,70534
2020-01-21,246,39001,692310,1297552,0,5,8,197,221,2215,293,377,21,141,96,235,57,74,95,26,64,4208,3976,6286,13144,8159,17560,11826,16082,21137,36218,1890,30525,2099426,329977,0,4228,10118,2,4,20,143,0,0,51262,2607326,36865,12161,2054304,165162,440,263,973,0,0,204,778,215917,787,10,3611,33156,68978,73602,111673,90,1,109301,73,1,70317
2020-01-22,251,38980,686951,1293872,1,5,7,191,217,2171,299,388,19,139,90,215,46,59,97,33,71,3948,4058,6194,13301,8069,17478,11886,18019,21199,35987,1953,31670,2091803,330759,0,4195,10079,2,1,17,148,0,0,50944,2601891,36583,12133,2046908,166553,458,288,992,0,1,220,806,215894,831,5,3628,32948,68829,73028,111496,95,0,109569,84,0,71748
2020-01-23,249,38659,680322,1287522,0,5,7,175,211,2228,300,399,21,138,87,223,52,56,91,27,60,4232,3957,6125,13198,7939,17498,11812,16277,21096,35566,2090,32264,2078065,327545,0,4209,10342,3,0,26,164,1,0,50538,2583976,36174,12178,2033213,163737,452,329,951,0,0,221,852,214305,896,6,3562,32525,68116,72290,111275,109,1,109123,77,0,71313
2020-01-24,246,38555,677434,1281546,0,5,6,200,203,2183,272,394,22,134,93,202,53,54,83,23,64,3934,3913,6109,13047,7894,17151,11446,15526,21020,34574,2060,32374,2069896,320805,0,4215,11891,2,0,20,158,1,0,50567,2563428,36534,11979,2022991,159926,504,280,895,0,0,220,852,210081,907,3,3551,31623,66491,70399,109654,86,1,107451,55,0,72115
2020-01-25,251,38216,660770,1191816,0,5,8,160,186,2145,260,376,27,135,84,199,46,50,65,27,60,3738,3696,5860,12705,7331,16209,10810,13023,18639,30743,1643,30969,1958896,284457,0,4183,12047,2,0,29,163,0,0,48767,2390497,35432,11407,1913050,144745,385,302,856,0,1,216,726,183868,704,4,3479,28342,57494,60207,95937,83,0,93785,60,0,67842
2020-01-26,243,38115,656006,1188634,1,4,9,140,123,2070,250,369,21,139,73,165,47,51,63,20,61,3713,3682,5767,12712,7356,15918,10445,12532,18221,30450,1619,31196,1950450,283855,0,4168,12100,2,0,20,154,0,0,47133,2385176,34792,10519,1905163,143238,379,297,852,0,1,210,739,185742,689,5,3471,28147,57993,60647,97097,90,0,95370,67,0,67451
2020-01-27,245,38564,690917,1281083,1,5,7,191,225,2167,293,407,19,133,98,213,47,57,81,24,64,3937,3920,6137,13030,8007,17438,11647,15214,21206,35177,1960,34595,2084919,327205,0,4254,12364,2,0,21,152,0,0,50805,2591651,36699,11986,2037433,161342,442,299,896,0,0,208,832,215308,842,10,3549,31985,67580,71588,113806,106,0,111266,76,0,74110
2020-01-28,253,38771,704536,1294689,0,5,8,188,199,2188,284,387,22,139,88,216,46,63,92,26,60,3992,4073,6226,13388,7988,17469,11622,14589,21206,35159,1941,35738,2112963,328644,0,4277,11250,2,0,21,165,0,0,51006,2624572,36868,11970,2066582,161406,429,282,967,0,1,212,798,216731,806,5,3564,32119,68258,72327,114549,104,0,111898,81,0,74713
2020-01-29,247,38728,714262,1284518,0,5,7,195,187,2168,296,388,22,146,95,223,54,69,91,30,74,3881,3968,6141,13265,7877,17544,11697,16160,20918,34634,2013,36682,2113788,328710,0,4213,13153,2,0,23,164,0,0,50615,2623943,36443,12013,2066012,161269,446,273,963,0,0,209,778,215720,837,4,3547,31498,67287,71569,114856,137,0,112436,110,1,76033
2020-01-30,252,38773,695647,1315975,1,5,7,211,206,2177,290,394,22,142,92,206,53,62,87,27,64,4091,3928,6167,13160,7946,17397,11547,16064,20919,34429,1894,37728,2127714,328444,0,4161,14655,2,0,24,164,0,0,50703,2637215,36485,12000,2078653,160447,439,280,989,0,0,209,812,215838,790,4,3509,31277,67660,72004,114731,121,0,112501,97,0,77067
2020-01-31,256,38633,689662,1300955,1,5,7,190,185,2179,285,399,23,138,83,208,57,72,85,26,70,3875,3915,6167,13153,7983,17322,11535,15212,20671,33994,2005,38901,2106705,324131,0,4226,12817,2,0,20,164,0,0,51149,2611485,36947,12012,2058693,158241,454,292,984,0,2,216,855,213013,832,5,3522,30816,66566,70778,113374,133,1,111173,99,0,77197
2020-02-01,253,38278,668112,1212363,0,4,7,180,168,2106,276,371,24,134,87,180,54,66,72,25,63,3910,3711,5942,12816,7518,16290,10787,14221,18477,29811,1823,36962,1992269,289590,0,4269,15276,2,0,28,158,0,0,49087,2434857,35807,11277,1942851,144738,397,271,872,0,0,214,736,187438,760,5,3443,27356,57705,60223,100128,116,0,98092,77,0,73263
2020-02-02,245,37992,660898,1208218,1,4,7,161,112,2065,272,361,23,136,75,163,40,59,73,21,59,3432,3617,5794,12656,7265,16075,10502,13451,18532,29674,1532,37318,1980826,287927,0,4209,15474,2,0,20,165,0,0,47413,2423913,34773,10739,1932239,142245,384,258,869,0,1,206,711,187551,640,4,3432,27230,57488,60533,101124,108,0,98679,78,0,73472
2020-02-03,251,38443,687078,1300486,0,5,7,204,211,2174,309,392,27,136,102,220,48,56,85,28,66,4328,3852,6162,13121,8059,17341,11537,15560,20927,33832,2050,40402,2106103,329515,0,4266,14183,3,0,21,170,0,0,50467,2620419,36455,11901,2057027,158990,455,272,938,0,1,209,854,216381,871,2,3521,30478,67252,71361,117210,105,0,114180,77,0,79844
2020-02-04,244,36606,668588,1295371,0,6,7,206,179,2117,290,361,21,140,78,191,49,60,84,23,60,3638,3923,6162,13253,8084,17180,11581,15101,20075,33748,2067,41720,2082725,326103,0,4306,11378,2,0,19,168,0,0,49563,2598365,36002,11512,2037045,157315,475,295,1155,0,0,215,914,216404,867,3,3524,30620,67256,70698,116583,138,0,114036,97,1,81916
2020-02-05,248,38417,699527,1316659,0,5,7,206,199,2162,302,395,25,141,91,230,51,63,93,30,65,4186,3999,6218,13399,8071,17381,11982,15844,20926,34268,2212,42915,2137775,331514,0,4322,15209,2,0,20,186,0,0,51008,2657525,36635,12148,2087809,160959,467,281,1078,0,0,212,893,219163,912,8,3545,31059,67845,70079,118752,131,1,115694,100,0,82924
2020-02-06,246,38438,707604,1315439,0,5,8,228,198,2162,296,393,29,144,93,230,51,61,94,29,63,4092,3977,6235,13441,8242,17357,11736,15807,20710,33811,2105,43772,2145512,329829,0,4317,15378,2,1,20,164,0,0,51069,2662945,36621,12285,2095289,159535,477,283,932,0,1,211,929,217743,888,8,3540,30663,66919,69289,118818,125,0,115631,94,0,83784
2020-02-07,251,38385,673528,1269398,0,5,7,191,187,2175,293,402,20,140,87,223,51,63,95,31,66,4185,3970,6250,13329,8155,17141,11579,14667,20558,32964,2250,44710,2065640,323308,0,4271,15176,2,1,20,167,0,0,50990,2574101,36743,12096,2015453,156427,490,263,977,0,1,208,919,214133,959,8,3510,29834,65587,67528,116575,121,0,114148,87,0,84077
2020-02-08,243,37862,643236,1190921,0,4,7,163,162,2097,252,371,24,134,87,199,49,46,73,23,55,3523,3729,5939,12842,7526,16161,10599,12567,18106,28996,1792,42372,1951515,286403,0,4218,15034,2,0,29,158,1,0,48534,2396812,35337,11231,1902727,140406,421,259,896,0,2,203,818,187213,798,6,3418,26480,56493,58248,102514,115,0,99947,71,0,79251
2020-02-09,249,37784,646191,1186605,0,4,7,164,120,2068,271,372,17,130,75,160,47,59,61,21,51,3792,3650,5920,12951,7364,16154,10520,12802,18232,29081,1645,42755,1949994,288775,0,4250,14579,2,0,24,158,0,0,47536,2402052,34654,10962,1902409,141015,423,275,905,0,2,201,798,189686,705,4,3421,26663,56647,58391,104522,124,0,102150,94,2,79163
2020-02-10,250,38483,678684,1280262,1,5,7,209,208,2164,290,382,19,134,95,222,51,55,97,23,70,3971,4075,6434,13355,8105,17403,11693,14988,20894,33563,1870,46842,2084104,331009,0,4322,14517,2,2,20,169,1,0,50826,2609473,36431,12242,2034976,157794,469,271,964,0,1,213,877,220175,744,5,3508,30154,66765,68997,121496,133,0,118900,98,1,86424
2020-02-11,245,38444,696549,1303820,0,5,8,208,207,2186,298,399,24,140,95,215,50,56,93,27,62,3961,3966,6289,13343,8128,17468,11722,15700,20758,33446,2142,47686,2126662,332445,0,4364,14093,2,4,22,175,0,0,51327,2654454,37032,12120,2077401,158492,487,272,1009,0,0,210,880,220644,897,10,3525,30075,66627,68784,122522,143,0,119401,108,1,87604
2020-02-12,255,38326,690386,1344778,0,5,7,195,213,2160,300,394,19,136,103,221,54,85,73,31,62,3881,4345,6542,13748,8337,17472,11672,15248,20756,33228,1895,48732,2162410,331205,0,4298,14674,2,0,18,178,0,0,51143,2688271,36775,12151,2112746,158405,483,261,987,0,1,212,909,219127,782,15,3519,29850,65809,67825,122019,175,4,119013,138,1,88664
2020-02-13,238,38200,679260,1352335,0,5,7,202,197,2186,295,395,25,133,90,224,52,68,99,25,63,4005,4342,6514,13619,8241,17515,11609,15849,20690,33216,1862,49622,2159777,331159,0,4248,15028,2,1,21,169,0,0,50950,2685738,36580,12183,2110008,158857,506,261,896,0,0,209,960,218429,765,9,3506,29987,65496,67644,121794,189,4,118525,138,3,89744
2020-02-14,236,38221,674375,1339310,0,4,7,199,166,2141,297,381,19,134,85,214,49,55,76,22,63,3880,3927,6157,13076,7924,17221,11445,15412,20289,31739,2190,50152,2142288,323964,0,4286,13465,2,2,20,146,0,0,50383,2660134,36420,11848,2094556,153785,470,300,899,0,1,209,967,214989,880,9,3490,28977,63992,66018,119675,1094,5,116607,1032,2,90145
2020-02-15,240,37735,651197,1260633,0,3,6,156,153,2105,269,365,28,140,83,196,55,54,74,22,57,3766,3700,5910,12854,7408,16249,10642,12873,18003,28052,1892,47903,2035833,287460,0,4230,13174,2,0,26,147,0,0,48496,2490425,35232,11280,1989326,139167,419,289,891,0,1,214,878,188109,822,3,3406,25826,55071,56671,104991,667,16,102353,605,23,86027
2020-02-16,242,37650,650979,1263949,0,5,7,163,126,2050,270,360,20,137,79,166,52,49,68,21,57,3511,3641,5811,12874,7237,16097,10474,12981,18077,27952,1463,48195,2038562,286655,0,4217,14127,2,0,22,137,0,0,47320,2494531,34544,10837,1991634,138109,417,250,869,0,2,196,820,189458,629,4,3389,25642,55216,56407,106071,413,16,104219,343,16,85740
2020-02-17,248,38120,682120,1348715,1,4,7,200,212,2175,316,389,24,140,96,219,49,72,84,26,68,4141,3935,6257,13373,7978,17389,11502,15668,20218,32020,1945,52531,2162268,326874,0,4317,14022,2,3,21,150,0,0,50223,2687431,35961,12146,2114344,154857,476,264,904,0,0,207,933,217276,736,7,3479,28980,63969,65962,121964,425,15,119742,347,16,93065
2020-02-18,238,38278,700964,1359971,0,4,7,224,194,2158,314,391,22,149,100,213,50,68,94,22,55,3838,4001,6150,13502,8037,17404,11599,15833,20248,32299,1922,53601,2196922,329355,0,4303,12792,2,3,22,155,0,0,50625,2728844,36487,12022,2149484,155686,513,276,1001,0,1,206,1001,219858,782,5,3497,29348,64791,66603,123394,451,9,121011,402,22,97470
2020-02-19,245,38293,699033,1351857,0,4,7,199,189,2158,322,395,25,133,88,221,49,61,109,30,65,4028,3976,6246,13335,7938,17482,11596,14833,20299,32368,1932,54357,2188090,327893,0,4255,14285,2,3,18,170,0,0,50462,2716790,36292,12032,2139404,154985,491,275,1049,0,1,213,942,218637,788,10,3484,29426,64388,66347,122974,468,16,120139,383,19,98661
2020-02-20,239,38143,681092,1353159,1,4,8,181,197,2161,307,376,23,135,100,215,51,70,92,27,62,4330,4013,6046,13432,8113,17441,11545,14598,20154,32401,1687,55488,2176661,327597,0,4300,14545,2,2,21,179,0,0,50497,2706393,36092,12265,2127932,154398,490,240,993,0,1,201,982,219061,692,7,3509,29352,64328,66025,123184,601,17,120622,526,25,104027
2020-02-21,235,38073,672925,1330803,0,5,7,197,180,2185,303,379,19,131,90,199,49,63,94,25,63,4057,3877,6079,13191,7976,17253,11350,14672,19687,31376,2042,55828,2149454,322116,0,4283,13862,2,1,22,184,0,0,50210,2670866,36190,11958,2101476,151548,482,276,887,0,2,211,971,214942,841,8,3449,28468,63065,64872,121068,617,10,118569,525,17,107416
2020-02-22,240,37604,640494,1250922,0,4,7,169,140,2054,273,364,24,132,84,193,54,61,67,24,58,3702,3708,5861,12679,7463,16043,10490,12568,17785,27331,1587,53475,2029632,285927,0,4246,13817,2,0,29,186,0,0,46061,2490041,32957,11125,1984858,136371,440,249,839,0,0,211,859,187936,679,5,3371,25045,53980,55455,106944,587,16,104337,500,19,100372
2020-02-23,233,37472,644407,1243553,0,4,7,148,117,2052,276,345,18,135,78,152,46,68,63,23,57,3616,3632,5829,12679,7230,15907,10329,12081,17760,27298,1676,54917,2027582,286167,0,4199,14110,2,0,22,169,0,0,45014,2491856,32257,10725,1983556,135410,427,263,792,0,0,197,923,189280,662,5,3357,25018,54036,55593,108265,665,18,105731,457,14,101917
2020-02-24,235,37822,676042,1336113,1,4,7,206,207,2169,327,377,20,132,93,192,50,67,90,24,64,4040,4091,6302,13231,7959,17194,11485,14173,20048,31456,2283,59996,2158995,328374,0,4245,14243,2,3,21,182,0,0,49700,2695093,35670,11895,2111384,152118,493,248,900,0,1,215,897,218970,834,14,3442,28226,63211,65554,125467,1037,24,122557,663,23,108782
2020-02-25,231,37239,686927,1353183,1,4,7,187,176,2139,328,373,20,136,83,220,47,60,96,28,67,3953,3922,5995,13127,7745,17377,11438,13278,19947,31516,2073,58743,2184846,326701,0,4250,15180,2,2,18,198,0,0,49287,2718401,35361,11785,2136549,150450,485,271,936,0,0,204,988,219982,806,6,3449,28392,63931,65934,125449,961,14,122729,655,14,107266
2020-02-26,230,37088,690662,1357137,0,4,7,185,200,2213,320,390,22,137,94,203,54,58,92,32,68,4022,3980,6096,13236,7856,17556,11588,14638,20051,31785,2106,61392,2196794,331487,0,4305,15012,2,3,19,165,0,0,50164,2738837,35801,12098,2148397,153012,534,252,968,0,0,203,1025,221801,771,9,3476,28619,63715,65928,127538,1017,11,124523,671,17,111677
2020-02-27,236,36987,681282,1355700,0,5,7,193,220,2201,306,395,22,141,98,215,45,59,98,29,67,4156,4040,6084,13116,7801,17465,11535,15774,20463,31683,1953,63235,2192340,332263,0,4233,15389,2,2,18,193,0,0,50292,2736319,35934,12076,2143489,154151,495,278,906,0,1,210,1006,221457,725,7,3514,28489,63647,65761,127235,1078,18,124353,703,19,118134
2020-02-28,228,36835,675477,1338717,0,5,7,182,225,2194,315,379,20,132,87,225,46,60,98,29,64,3990,3953,5997,13111,7798,17343,11511,16380,19712,30967,1808,62068,2163082,328744,0,4227,15558,2,6,19,197,0,0,50491,2699256,36200,12001,2113545,152140,488,241,924,0,1,208,937,218598,667,5,3474,27943,62250,64346,126730,1017,13,123570,674,15,111824
2020-02-29,238,36402,660954,1262053,0,5,8,159,182,2079,272,357,24,138,91,192,44,46,81,26,63,3697,3664,5752,12873,7352,16297,10725,15509,17955,27324,1520,59756,2064416,293894,0,4193,14862,3,1,26,127,0,0,48233,2539641,34900,11259,2016714,139604,436,244,826,0,0,206,835,191446,559,5,3381,24866,54202,55791,110769,884,15,107829,591,13,104769
2020-03-01,234,36441,654035,1258672,0,5,7,143,140,2050,279,362,17,132,79,167,40,48,70,26,57,3671,3552,5716,12832,7178,16163,10521,13694,17716,27252,1593,59918,2053018,292064,0,4261,14966,2,1,18,121,0,0,46998,2529085,34239,10799,2006030,137063,448,216,807,0,1,196,839,192868,574,8,3363,24818,53801,55262,112459,819,14,109736,554,14,103635
2020-03-02,235,36917,680533,1349542,0,5,7,194,233,2162,338,364,23,139,94,237,56,67,98,32,64,4083,3999,6181,13334,7983,17396,11613,14941,20121,31656,2117,63939,2185011,335140,0,4303,15565,2,4,21,129,0,0,50039,2735093,35764,12069,2136114,153311,515,218,867,0,1,201,954,223783,695,10,3467,28288,63171,65412,130893,1276,22,127424,708,20,117783
2020-03-03,236,36881,696541,1361132,0,5,8,197,209,2172,338,396,19,141,93,245,46,64,105,29,64,3907,3851,6037,13292,7916,17482,11668,15473,20027,31520,2128,65175,2222447,333678,0,4309,15609,3,12,28,134,1,0,50317,2772200,36259,11911,2172801,153271,535,282,929,0,0,212,1073,224246,719,5,3483,28295,63344,64771,130318,1139,18,127667,719,14,127657
2020-03-04,237,37049,701201,1368375,0,5,7,188,207,2183,334,389,19,134,92,263,49,60,100,39,65,3939,3855,5995,13189,7859,17420,11610,15402,19940,31358,2066,66431,2232892,333988,0,4326,14685,2,3,19,114,0,0,50902,2784632,36772,11975,2183897,152362,494,220,967,0,2,206,814,224054,695,7,3452,28081,62928,64841,131157,1200,23,128092,781,18,126028
2020-03-05,236,36871,685061,1364896,1,5,7,189,208,2143,323,414,20,136,91,265,59,87,96,33,66,4008,3903,6037,13269,7888,17406,11577,14748,20027,31228,2093,67337,2223038,332831,0,4290,14308,2,2,19,107,0,0,50072,2774511,36004,11965,2174971,151909,511,235,994,0,1,211,833,222890,747,6,3479,28019,62215,64411,130869,1194,30,127644,758,22,135973
2020-03-06,231,36648,679254,1343946,0,5,7,174,207,2175,338,379,19,130,88,236,43,59,85,33,58,3883,3800,5980,13105,7674,17318,11422,14648,19643,30743,1982,67653,2186920,327213,0,4250,14126,2,10,19,127,0,0,50310,2730363,36282,11857,2139018,149585,497,236,877,0,0,209,842,220050,701,6,3428,27667,61521,63102,128553,1299,25,125854,857,16,126841
2020-03-07,232,36324,651869,1273268,0,4,7,154,160,2056,293,365,21,132,77,190,49,44,73,19,61,3725,3553,5731,12667,7298,16235,10561,14277,17625,26837,1568,64638,2094856,292307,0,4121,13468,2,2,28,110,0,0,48508,2576435,35490,11057,2047912,136776,421,239,840,0,1,216,733,193249,587,5,3350,24436,54076,55240,112302,966,17,110078,704,13,133162
2020-03-08,230,36133,645700,1244273,0,5,7,148,133,1994,303,354,19,125,75,173,37,45,59,25,51,3444,3518,5717,12579,7004,16022,10374,13599,17379,26647,1692,64849,2049013,289686,0,4230,13010,2,1,17,106,0,0,46671,2529251,34209,10516,2004177,134857,398,230,808,0,1,193,733,192098,624,5,3330,24287,52795,54161,112858,1115,24,110309,729,19,122676
2020-03-09,235,36674,701408,1350539,0,5,8,199,236,2103,338,389,21,125,89,253,49,59,79,28,66,4142,3895,6111,13031,7723,17430,11350,14491,19402,31008,2016,69553,2211181,332408,0,4315,12780,2,6,20,125,0,0,49506,2767942,35726,11653,2165066,150328,477,229,870,0,0,206,802,224154,722,12,3452,27747,62248,64192,132006,1542,22,128957,1002,14,122325
2020-03-10,233,36625,708425,1362681,0,5,7,190,213,2134,322,393,20,133,84,264,44,65,90,29,53,3842,3798,6001,13308,7742,17296,11450,15463,19356,30980,2009,71068,2235818,335853,0,4325,11839,2,3,26,114,0,0,50377,2799866,36564,11772,2189930,150734,495,247,842,0,1,218,852,226437,712,5,3434,27699,63018,65159,133876,1498,29,130559,990,20,127853
2020-03-11,236,36704,714837,1382158,0,5,7,194,211,2146,297,380,25,133,87,271,45,65,98,31,63,4196,3957,6046,13338,7814,17492,11397,14859,19632,31059,1923,72189,2261074,335066,0,4222,12205,2,4,27,120,0,0,50189,2825052,36228,11770,2215043,151340,500,237,962,0,0,217,826,226173,676,4,3462,27756,62554,64219,133522,1528,26,130626,1076,19,127139
2020-03-12,226,36628,693845,1365144,0,5,9,205,209,2173,307,407,25,127,90,261,48,72,96,29,67,3996,3894,6019,13137,7893,17476,11371,15332,19695,31057,1966,73880,2212259,336039,0,4266,12384,2,5,25,113,0,0,49744,2779182,35829,11809,2166559,151570,499,235,875,0,0,218,843,226195,716,5,3453,27834,62215,64186,134219,1640,28,130798,1151,23,116416
2020-03-13,230,36556,686678,1365174,0,5,7,206,190,2138,307,379,23,120,88,261,45,59,81,29,65,4157,3818,5914,13100,7760,17165,11267,14790,19333,30253,1962,73976,2217246,330435,0,4249,12601,2,5,21,113,0,0,47999,2777490,34279,11575,2172776,148594,507,242,914,0,2,218,862,223544,727,8,3435,27083,61426,62948,132376,1569,20,129690,1160,15,128606
2020-03-14,226,36198,659598,1280974,0,4,7,164,152,2034,274,366,25,127,81,194,41,44,71,21,57,3406,3557,5830,12677,7208,16244,10302,14425,17276,26599,1610,71174,2095879,295837,0,4171,12880,2,1,28,112,0,0,46014,2593502,33340,10700,2051888,135765,435,246,939,0,0,213,775,196370,623,3,3326,24112,53416,54953,116650,1419,19,113787,1089,14,118883
2020-03-15,225,36016,659133,1299544,0,5,6,196,126,1940,278,348,22,128,69,176,37,48,65,36,64,3786,3504,5578,12538,7027,16105,10058,12999,17398,26622,1619,74626,2115699,295285,0,4220,12748,2,1,19,114,0,0,45039,2619566,32677,10405,2072547,134005,442,218,917,0,0,201,761,198604,626,10,3327,24093,53756,55114,117879,1494,20,115591,1189,12,120781
2020-03-16,232,36716,695520,1406759,0,5,7,216,219,2124,316,380,23,141,84,203,42,78,85,45,65,3846,3830,6007,13023,7703,17418,10869,15072,19587,30866,2017,82117,2271525,338050,0,4240,13174,2,3,20,120,0,0,48260,2853451,34547,11520,2226263,149712,496,234,1002,0,2,206,832,230356,738,13,3408,27435,63143,65047,136741,1966,25,134193,1407,19,132296
2020-03-17,224,36708,705795,1388314,0,5,8,175,208,2073,313,385,22,136,83,202,40,62,90,24,58,4038,3832,5940,13054,7764,17474,10715,15357,19556,31099,2044,79536,2275016,342496,0,4219,13729,2,3,18,126,0,0,47770,2861659,34164,11394,2229664,150529,482,228,1053,0,1,201,827,233273,714,7,3415,27628,63118,65312,139367,3032,28,135970,2401,20,143974
2020-03-18,231,36527,708298,1383410,0,5,7,172,208,2093,309,379,22,137,76,222,39,61,83,35,62,3768,3780,6216,12774,7801,17444,10170,14900,19583,30894,2023,82995,2263471,342093,0,4196,13546,2,6,19,113,1,0,47155,2856413,33678,11270,2218886,149104,479,227,1042,0,0,204,836,235716,742,7,3394,27540,63510,65008,139723,4076,23,137045,3463,15,135005
2020-03-19,231,36737,692276,1399009,0,5,7,179,199,2129,299,389,18,135,81,215,45,67,105,32,67,3965,3792,5899,12687,7932,17414,9064,14764,19551,30841,2133,84656,2252831,339223,0,4210,13350,2,3,21,117,0,0,46958,2844591,33836,10996,2208200,147958,506,224,982,0,3,199,856,235342,763,10,3393,27398,63406,64506,138584,4085,34,136838,3505,29,124575
2020-03-20,229,36598,669034,1384953,0,5,7,172,185,2078,326,379,22,135,81,184,45,56,90,36,64,3576,3788,5912,12595,7744,17215,8733,14976,19200,30488,2143,83468,2210038,337387,0,4243,13969,2,4,19,124,1,0,46976,2796413,33992,10780,2164963,146173,489,239,966,0,0,204,853,233659,778,10,3385,27241,62452,63874,139013,4236,29,136167,3602,24,119224
2020-03-21,226,36298,660393,1358605,0,4,7,146,152,1985,286,365,24,132,73,165,42,47,78,31,60,3458,3553,5623,12028,7401,16208,8040,12475,17257,26990,1654,79996,2169399,300880,0,4187,13675,2,2,28,116,0,0,44737,2691980,32876,9810,2125385,132399,444,230,943,0,0,210,762,207001,634,9,3284,24369,54232,55350,123075,4144,27,120856,3596,21,113877
2020-03-22,222,36160,656085,1344238,3,6,8,149,118,1960,282,360,22,135,71,171,42,58,78,29,59,3163,3489,5523,11989,7182,16129,7835,12420,17252,26543,1651,80852,2150619,297642,0,4168,13133,2,3,20,124,0,0,43882,2671122,32239,9596,2107524,130555,437,227,912,0,1,203,770,205839,613,7,3290,23895,53991,54777,121958,4152,28,120396,3626,21,113913
2020-03-23,227,36559,697628,1386864,0,5,8,181,193,2052,317,382,23,136,79,186,44,58,91,34,65,3638,3805,6055,12454,7727,17315,8656,14736,19233,30480,2154,87972,2243499,339987,0,4209,13056,2,4,24,134,1,0,47745,2839633,34923,10605,2198262,145882,507,240,952,0,0,211,868,236162,781,4,3373,26902,62428,64311,140892,4647,30,138637,4016,21,122221
2020-03-24,225,36599,704615,1405384,0,5,7,169,214,2020,303,404,21,145,79,191,45,66,85,29,68,3282,3805,5980,12503,7675,17138,8512,14049,19066,30273,2043,105115,2285681,337785,0,4211,14106,2,5,23,135,0,0,48065,2894612,35462,10411,2238855,144166,495,237,908,0,0,214,849,235301,752,7,3372,26861,62435,64340,140532,4702,34,137749,4106,19,138858
2020-03-25,231,36407,712710,1399035,0,4,7,160,205,2062,342,387,22,138,77,182,40,62,87,31,70,3533,3741,5787,12441,7717,17168,8497,14484,19057,30301,2050,107724,2289633,338737,0,4198,13234,2,5,25,131,0,1,47652,2904297,35044,10409,2244170,144631,485,237,970,0,2,208,838,236247,780,4,3390,26859,62135,64057,141054,4946,28,138744,4313,22,141248
2020-03-26,227,36410,684706,1409053,1,5,8,178,195,2080,317,388,21,144,81,197,48,65,111,42,80,3563,3730,5805,12364,7700,17251,8460,12924,19289,30123,2241,106721,2269299,336914,0,4168,13286,2,4,26,131,0,0,47758,2879751,35040,10503,2223446,143181,510,247,905,0,0,217,871,235045,860,7,3385,26674,61826,63776,140824,4879,24,138002,4272,19,138903
2020-03-27,233,36452,685043,1384363,3,5,7,168,203,2053,325,363,21,147,75,175,46,68,85,34,60,3452,3683,5763,12287,7595,17036,8276,12641,18836,29989,2013,105113,2242877,333030,0,4147,15085,2,3,24,138,0,0,47690,2845167,35163,10324,2195269,141358,495,233,822,0,0,205,862,233858,733,4,3371,26681,61163,62797,139843,4954,27,137542,4344,20,136786
2020-03-28,230,36114,655007,1301954,0,3,7,158,151,1933,269,349,25,138,73,167,47,54,75,31,63,3224,3495,5501,11510,7241,16154,7810,11385,17001,26570,1547,100457,2124345,299044,0,4122,14795,2,2,32,121,0,0,45497,2665020,34044,9464,2077938,129080,452,248,810,0,1,219,800,208178,604,4,3290,23974,53804,54806,124460,4767,30,122212,4272,18,131039
2020-03-29,225,35976,652453,1299901,0,5,7,158,112,1943,288,351,18,136,67,160,36,49,83,24,63,3208,3460,5450,11454,7059,16010,7692,11338,16958,26362,1696,103195,2121752,298880,0,4093,14234,2,2,24,123,0,0,44376,2666584,33101,9280,2076752,128177,435,234,818,0,0,208,787,208093,669,5,3261,23685,53672,54920,124773,4965,35,122261,4510,30,133197
2020-03-30,226,36442,690474,1416723,0,5,7,175,191,2017,310,389,24,143,79,189,45,56,92,36,67,3489,3772,5829,11873,7880,17168,8451,12448,18976,29799,1988,106198,2280924,337192,0,4217,14333,2,3,24,135,0,0,47062,2893313,34547,10312,2234620,141078,508,231,953,0,0,213,855,237531,735,5,3333,26376,61587,62713,143387,5555,39,140530,4935,30,137059
2020-03-31,237,36462,708602,1440615,0,6,7,180,177,2074,304,391,18,137,76,175,40,60,92,24,62,3411,3776,5759,11834,7774,17127,8420,12558,18823,29949,2733,115196,2331398,337484,0,4231,14252,2,3,25,154,0,0,47557,2952640,35227,10166,2284431,141845,512,242,901,0,2,219,872,237902,1124,4,3352,26534,61605,62723,143040,5702,32,140223,5037,23,145480
2020-04-01,228,36365,705857,1453171,2,5,7,171,198,2020,319,379,22,130,80,184,37,53,86,33,62,3423,3796,5740,11793,7719,17099,8382,12593,18688,29656,2746,113410,2338425,336953,0,4195,14323,2,2,24,145,0,0,47466,2956645,35151,10110,2291684,141122,488,237,920,0,0,204,865,237056,1053,6,3336,26256,61155,62647,142909,5940,34,140081,5144,25,142804
2020-04-02,219,36297,685633,1459233,1,5,7,173,185,2038,326,382,24,137,76,192,44,62,81,37,80,3477,3745,5705,11800,7723,17099,8342,12447,18637,29579,2232,115020,2326063,335239,0,4256,14527,3,3,25,132,0,0,47242,2944653,34919,10077,2279298,140197,501,224,899,0,1,201,832,237265,814,6,3315,26195,61508,62663,141957,5947,36,140149,5259,19,144680
2020-04-03,239,36180,680478,1453765,0,5,7,167,192,1997,348,359,21,131,75,188,41,47,87,31,66,3453,3717,5605,11758,7869,16991,8221,12346,18343,29338,2366,117999,2317653,332640,0,4245,14584,2,3,26,136,0,0,47701,2933844,35455,10107,2270401,139096,498,236,888,0,1,204,862,235104,901,6,3256,26035,60242,61476,141102,6257,36,139212,5428,24,146990
2020-04-04,232,35860,651358,1362736,0,4,7,149,139,1932,279,366,25,132,66,171,39,43,54,30,71,3178,3471,5476,11267,7485,16027,7686,11337,16843,25827,1733,111119,2188945,298040,0,4201,14375,2,1,28,121,0,0,45454,2738723,34146,9323,2142947,127203,432,231,846,0,0,197,762,207302,696,5,3232,23152,52691,53828,124530,5811,34,122268,5236,22,138759
2020-04-05,225,35791,652872,1358498,0,5,7,153,128,1907,259,357,21,133,64,174,40,38,64,23,61,3205,3483,5362,11196,7038,15919,7575,11184,16648,25576,1689,110447,2185437,294721,0,4219,14728,2,1,19,143,0,1,44746,2730372,33631,9069,2139695,125578,419,222,795,0,0,188,774,206035,652,4,3205,22902,52061,53043,123471,5865,33,121870,5321,20,138051
2020-04-06,221,36391,682306,1456623,1,6,7,191,188,1964,295,373,19,142,73,181,45,51,80,27,64,3426,3685,5832,11975,8103,17134,8367,12598,18700,29716,2575,122752,2328812,343518,0,4341,15050,2,2,22,137,0,0,47186,2968779,34963,10016,2281487,141659,500,228,852,0,1,207,859,243353,998,6,3350,26339,61760,63820,147211,6623,46,144972,5898,30,153270
2020-04-07,228,36290,705326,1472853,1,5,7,190,188,2007,297,379,23,132,76,202,44,70,76,26,69,3289,3775,5845,12200,8115,17114,8557,12675,18972,30248,2302,130178,2375868,350428,0,4432,18609,2,3,22,139,0,0,47726,3035762,35305,10155,2328993,143080,492,212,927,0,0,207,834,253111,922,6,3422,26773,62616,64580,152131,6794,39,153169,6178,25,161171
2020-04-08,225,36157,703583,1463810,2,4,7,183,196,2071,347,378,19,129,71,188,35,58,89,34,72,3418,3768,5890,12091,8047,17144,8368,12574,18756,30038,2426,125898,2360008,348690,0,4370,16354,2,5,21,142,1,0,47395,3012962,34932,10224,2312923,142310,490,223,942,0,1,190,850,249483,845,6,3411,26645,62179,64317,150841,7086,43,150128,6240,29,156232
2020-04-09,224,36219,682760,1454051,0,4,7,176,191,2015,313,383,19,133,70,186,42,54,95,27,72,3455,3772,5877,12331,8158,17257,8516,12765,19059,30148,2260,125016,2330146,352092,0,4391,15244,2,5,21,147,0,0,47299,2987288,34955,10077,2282874,143706,496,219,861,0,1,196,838,249884,846,5,3500,26777,63410,65282,152041,7336,48,148753,6564,29,156891
2020-04-10,226,35780,666728,1415291,0,4,7,168,155,1978,308,370,22,134,70,148,38,48,89,29,73,3234,3610,5792,12012,7872,16648,8059,12124,17955,28348,1892,136610,2284306,332736,0,4410,15197,2,4,20,143,1,1,46024,2920891,34046,9696,2238045,136380,491,216,955,0,2,201,837,235756,722,5,3419,25347,58785,60254,144112,7140,43,141001,6450,27,166279
2020-04-11,230,35535,646061,1349597,0,3,7,153,158,1913,280,355,24,137,61,155,44,48,67,27,62,3188,3470,5588,11753,7503,16038,7802,11467,16882,26329,1713,128945,2189217,312103,0,4327,14725,2,4,28,144,0,0,45347,2782180,33963,9254,2143268,129322,439,216,871,0,1,191,781,219027,692,5,3379,23720,54222,55717,134088,7024,47,130582,6391,36,157793
2020-04-12,227,35460,643077,1347058,0,6,7,135,154,1900,279,350,20,130,64,155,38,43,65,25,58,3151,3420,5545,11696,7045,15999,7672,11313,16625,25706,1709,130301,2181463,307634,0,4447,15029,2,3,25,161,1,0,44157,2769598,32901,9163,2136422,126842,454,218,803,0,1,203,786,216492,675,5,3353,23153,53306,54296,132994,6992,42,129583,6386,31,155640
2020-04-13,231,35678,677884,1435865,0,6,7,228,234,1993,300,386,20,139,75,173,39,51,90,27,66,3398,3771,5986,12377,8171,16838,8269,12296,18099,28895,2030,141728,2315995,339371,0,4365,15230,2,4,19,138,0,0,46845,2967708,34360,10258,2269307,138951,482,220,899,0,1,197,839,239925,773,6,3423,25631,59454,60891,146841,7634,41,143628,6978,32,166336
2020-04-14,229,35821,697388,1457049,0,5,7,198,200,2015,301,374,23,131,80,179,42,54,75,28,67,3323,3876,5948,12313,8025,17190,8489,12565,18606,29960,2369,146088,2360311,354850,0,4402,14724,2,5,19,150,0,0,47419,3044595,34910,10212,2313667,142369,501,234,967,0,2,200,883,252940,823,6,3435,26598,62552,64400,155904,8052,51,152266,7225,35,169822
2020-04-15,231,35778,700878,1457129,0,5,7,189,194,2017,346,364,24,138,78,168,40,68,91,37,74,3419,3845,5970,12415,8173,17143,8547,12726,18659,30202,2500,170150,2386950,356942,0,4467,15768,2,6,19,135,0,0,47161,3098322,34735,10195,2339726,143494,509,223,895,0,1,202,873,254634,826,7,3422,26776,63107,64821,156330,8271,81,153149,7312,35,192933
2020-04-16,222,35587,677353,1457986,1,3,7,169,199,2023,288,364,22,140,77,179,43,56,86,37,62,3477,3753,5854,12299,8332,17271,8465,12656,18828,29978,2211,164911,2359605,355967,0,4434,15879,2,5,24,142,0,0,47067,3064716,34637,10107,2312260,142917,530,224,869,0,0,201,902,254539,781,4,3430,26633,62951,64602,156161,8259,65,153281,7428,31,188457
2020-04-17,225,35581,677690,1420747,1,5,9,164,191,2023,312,376,22,154,70,172,41,51,75,29,68,3366,3766,5749,12412,8145,16902,8363,12502,18451,29184,2061,169813,2324555,348988,0,4416,15347,2,4,25,141,0,0,46382,3021988,34059,10052,2278264,140054,493,221,915,0,0,201,866,247709,778,5,3399,25980,61355,63366,152457,8431,70,148586,7571,35,190312
2020-04-18,229,35259,653674,1311641,0,4,8,171,154,1906,262,351,19,132,65,151,42,62,62,31,64,3143,3442,5309,11146,7546,15817,7574,11040,16068,24904,1657,126109,2145442,299916,0,4257,15387,2,2,21,136,0,0,44567,2714374,33444,9041,2099610,123881,445,209,872,0,1,187,801,209764,625,3,3183,22326,51379,52618,128725,7399,44,125564,6656,28,144638
2020-04-19,228,35117,651740,1315030,0,6,7,147,124,1907,265,361,21,142,64,146,36,46,65,27,63,3209,3367,5252,11185,6808,15680,7412,10926,16061,24616,1591,123545,2143417,295809,0,4184,15444,2,1,19,138,0,0,43727,2704962,32790,8871,2097974,122321,434,214,796,0,1,189,786,208088,611,5,3183,22106,50321,51319,127507,7398,51,125017,6807,38,141301
2020-04-20,229,35596,683345,1407205,1,7,8,187,201,1991,295,360,23,166,76,180,43,58,74,25,65,3431,3590,5527,11702,7870,16754,8145,12075,17816,28078,2495,169782,2314219,337848,0,4179,18196,2,3,20,143,0,0,46170,2990836,34136,9821,2264926,135694,490,226,923,0,0,195,871,240621,932,7,3225,24855,58437,59956,148237,8364,48,145600,7535,30,187844
2020-04-21,235,35566,696436,1410003,0,5,7,191,187,1969,306,354,22,133,68,194,37,56,68,37,68,3373,3664,5508,11793,7834,16786,8119,11974,18009,27870,2457,178729,2338990,336869,0,4247,20696,1,5,23,151,0,0,46076,3019405,34113,9750,2287460,135476,489,226,878,0,2,208,844,238789,843,4,3260,24695,57755,59505,147498,8704,73,144396,7799,37,196748
2020-04-22,228,35696,696468,1410793,0,5,7,179,187,2002,324,359,20,138,76,183,41,66,87,29,65,3326,3646,5524,11691,7793,16886,8045,12035,17806,27792,2242,180262,2341975,336026,0,4289,16752,2,2,23,136,0,0,46590,3027248,34573,9826,2293868,134752,500,222,848,0,0,200,862,239466,777,6,3259,24594,58133,59583,146932,8868,89,144679,7983,35,198790
2020-04-23,225,35597,682205,1409824,0,5,7,183,171,2004,309,376,24,147,73,188,34,56,85,27,69,3502,3637,5548,11773,7727,16887,8041,12006,17695,27655,2331,185208,2330204,337139,0,4270,16306,2,1,20,141,0,0,46435,3021726,34440,9750,2282787,134693,501,232,867,0,1,198,894,239101,792,3,3229,24483,58265,60084,147562,8868,65,144287,8011,31,202352
2020-04-24,223,35471,670172,1386939,0,5,7,152,164,1999,294,365,21,169,76,187,40,53,90,25,73,3249,3635,5484,11636,7702,16742,8094,11960,17709,27402,2305,181631,2291096,334089,0,4243,16073,1,1,20,131,0,0,46372,2974489,34408,9768,2243971,133571,495,211,877,0,1,193,863,237218,771,7,3225,24259,57757,59662,145296,9412,81,142800,8363,36,198290
2020-04-25,222,35175,651134,1302891,1,5,7,165,150,1916,263,349,19,142,65,157,44,44,62,28,76,3274,3395,5233,11265,7225,15750,7424,10862,15793,24372,1679,179496,2185143,300471,0,4263,15741,1,2,21,123,0,0,44740,2809138,33650,9021,2138585,122072,434,208,833,0,0,184,780,211376,660,5,3145,21797,51516,53209,128416,9044,37,126072,8156,25,195721
2020-04-26,225,35137,645415,1300936,1,5,7,161,122,1882,310,353,20,145,61,154,33,44,65,29,65,3090,3358,5212,11367,6661,15660,7350,10789,15806,24046,1647,176469,2173353,297543,0,4341,16326,1,2,21,124,0,0,43937,2789484,33057,8817,2127373,120719,430,202,872,0,1,185,760,209334,646,6,3160,21577,49565,50788,128753,9524,35,125933,8422,25,191639
2020-04-27,222,35531,676096,1404940,0,5,15,187,206,2008,305,378,19,183,69,169,45,56,92,35,72,3543,3642,5576,11791,7796,16825,8227,11909,17493,27619,2275,188654,2320086,338515,0,4260,14749,1,2,20,145,0,0,46321,3019560,34282,9820,2274464,134565,502,211,953,0,1,200,873,240646,817,4,3202,24401,57425,59182,148059,10671,63,145144,9624,29,203296
2020-04-28,222,35640,700194,1438964,0,6,7,201,171,2000,294,367,22,147,72,173,35,45,78,32,63,3257,3668,5554,11663,7788,16750,8214,11875,17455,27670,2528,206315,2387529,361761,0,4298,19004,1,4,22,170,0,0,46871,3145072,34904,9729,2337282,134286,502,221,1397,0,1,196,888,263210,892,3,3205,24447,57798,59735,148866,32948,77,145756,31063,46,212508
2020-04-29,225,35392,695321,1430369,1,5,7,175,184,1985,293,357,22,131,66,160,45,74,69,28,65,3533,3610,5514,11711,8038,16885,8186,12021,17397,27800,2302,219233,2374990,392728,0,4399,18735,1,3,19,167,0,0,46450,3207134,34457,9767,2325316,134862,492,208,1839,0,3,187,882,293695,830,3,3214,24570,57492,59033,142187,70757,87,139318,68225,43,213680
2020-04-30,226,35362,691831,1438351,0,5,7,179,178,2029,292,386,21,129,74,167,41,53,73,38,69,3440,3593,5515,11496,7849,16842,8205,11978,17772,27579,2228,220955,2377853,387760,0,4445,18948,1,3,22,154,0,0,46506,3202917,34473,9711,2328362,134387,509,215,1578,0,2,192,913,289913,802,4,3163,24452,57121,58588,133578,75281,75,131595,72732,44,212081
2020-05-01,219,35228,673004,1388686,0,3,7,148,131,1878,260,340,20,129,68,156,34,50,66,31,61,3301,3339,5325,11102,7279,16081,7569,10990,16166,25376,2241,195930,2280697,351459,0,4327,17793,1,2,21,160,0,0,44475,3018223,33504,8830,2232619,125408,484,213,1430,0,0,188,897,260313,882,3,3105,22587,52332,53684,117106,68446,72,115233,66125,46,183560
2020-05-02,223,34977,657349,1314072,0,2,7,147,128,1909,240,346,22,126,68,154,37,45,69,26,57,3064,3598,5490,11196,7532,15757,7504,10661,15521,23902,1746,189780,2183102,329242,0,4271,17118,1,2,21,164,0,0,44934,2872572,33903,8905,2135105,121388,417,210,1215,0,0,186,836,239886,690,4,3081,21415,47951,48967,105324,65532,65,103423,63276,46,176481
2020-05-03,221,34855,658518,1310825,0,4,8,143,110,1870,252,350,21,135,70,152,41,43,58,27,57,3250,4169,6356,11736,7418,15669,7434,10451,15346,23405,1668,191258,2180783,326973,0,4306,14990,1,2,21,154,0,0,44935,2868467,33793,9034,2134781,121670,422,207,1116,0,1,185,819,236636,654,2,3048,20964,47615,48580,101947,66150,53,100115,64199,39,176363
2020-05-04,222,35401,687730,1403928,0,5,8,184,187,1937,289,358,26,136,79,176,39,50,70,26,73,3310,3568,5495,11406,7724,16762,8190,11601,17056,26700,2255,182170,2291797,369540,0,4306,16538,1,2,24,165,1,0,45974,3047121,34260,9506,2244102,131239,485,236,1138,0,0,192,930,273691,806,6,3123,23542,54751,56227,117752,77780,71,115930,75489,44,164516
2020-05-05,219,35481,715473,1399085,0,4,7,187,171,1961,279,343,19,136,80,183,38,42,75,27,60,3464,3565,5410,11537,7734,16788,8269,11709,17232,26782,2518,181567,2312542,368290,0,4410,16498,1,2,22,154,1,0,46279,3063670,34519,9510,2264955,132041,492,219,1115,0,5,194,903,271716,866,6,3113,23560,54258,55838,115879,77895,58,114200,75667,46,162279
2020-05-06,228,35445,730923,1416935,0,4,7,181,191,1994,294,358,19,137,81,168,45,55,75,36,67,3370,3597,5507,11975,7704,16784,8314,11888,17305,27053,2314,190268,2353727,370494,0,4405,17103,1,2,21,167,0,0,46414,3116142,34380,9740,2306033,132994,496,210,1054,0,9,196,912,272749,821,4,3161,23842,54516,56054,114740,80113,64,112895,77465,45,170187
2020-05-07,224,35398,732517,1448264,0,4,8,182,172,1983,318,360,20,146,79,165,37,60,79,25,63,3416,3517,5362,12179,7633,16826,8217,11729,17311,26527,2438,184158,2378709,366499,0,4417,17544,1,3,22,163,0,0,46171,3127811,34429,9545,2330247,131937,501,219,1096,0,1,195,925,269815,833,4,3131,23324,53790,55084,112493,80012,54,110975,77719,39,162305
2020-05-08,222,35322,730083,1415446,0,5,7,161,194,1997,302,366,25,182,79,177,44,51,75,37,72,3291,3508,5472,11873,7631,16614,7963,11391,16788,25677,2078,187992,2346860,354226,0,4484,16195,1,3,26,156,0,0,46416,3079151,34613,9673,2299485,128218,487,222,1019,0,0,189,899,260195,734,3,3140,22569,51492,52610,106834,78670,52,105667,76548,42,165787
2020-05-09,222,35077,709714,1335806,0,4,7,140,147,1963,282,350,21,132,70,157,34,43,65,27,61,3273,3570,5360,11514,7250,15741,7525,10573,15494,22961,1638,182369,2241637,317842,0,4356,15660,1,2,25,138,0,0,45220,2904103,34238,8991,2194870,119280,438,214,1007,0,2,189,853,230330,624,4,3094,20461,45262,45785,92299,71299,57,91282,69559,44,160816
2020-05-10,225,34864,706023,1334562,0,5,7,155,126,1870,271,343,20,132,66,147,42,55,59,39,57,3134,3575,5417,11473,6831,15496,7418,10424,15312,22630,1674,182858,2234932,315478,0,4378,15173,1,2,21,132,0,0,44531,2895649,33816,8623,2189178,117666,428,209,936,0,0,184,826,229172,607,4,3057,20120,44882,45457,90892,72295,56,90000,70461,41,159258
2020-05-11,221,35588,744482,1427579,0,5,7,190,198,2029,302,366,22,166,76,174,39,54,75,34,76,3574,3620,5428,12125,7721,16747,8346,11630,17158,26178,2312,196884,2377296,364315,0,4498,15515,1,2,20,164,0,0,46359,3137607,34326,9794,2330949,131059,501,218,998,0,0,186,935,268574,784,6,3128,22904,52205,53202,107098,85281,82,106362,83141,44,169426
2020-05-12,222,35292,759670,1428041,0,6,7,178,179,2002,300,360,22,139,77,182,41,54,100,42,66,3313,3685,5409,11941,7750,16761,8471,11687,17106,26184,2198,202495,2396469,363854,0,4451,15509,1,2,18,178,0,0,46688,3161114,34701,9744,2349647,130818,499,211,1033,0,1,190,948,268081,767,4,3099,22957,52936,54138,105912,85456,88,105092,83180,46,173243
2020-05-13,227,35316,763628,1435926,0,5,8,194,176,2032,322,370,19,139,72,177,35,54,82,48,64,3556,3606,5471,12118,7719,16743,8399,11653,17077,26312,2201,204618,2407787,365646,0,4541,15974,1,4,21,172,0,0,46664,3176388,34617,9795,2360819,131272,500,210,1033,0,1,182,951,268608,728,5,3125,23120,52147,53497,106309,87080,108,104916,84515,52,172689
2020-05-14,219,35222,755689,1452683,0,4,7,184,180,2006,308,369,19,137,71,187,42,68,87,40,68,3530,3667,5449,12032,7729,16739,9090,11674,17276,26122,2311,204202,2413737,365047,0,4480,15762,1,2,21,167,0,1,46772,3179926,34681,9810,2367244,131854,494,208,1016,0,0,183,937,267084,802,4,3121,22974,52028,53408,104813,87332,98,103411,84695,49,169924
2020-05-15,219,35117,750652,1436869,1,4,7,176,172,1993,287,349,19,174,75,184,41,63,83,39,64,3533,3554,5415,12064,7976,16530,8783,11550,16810,26017,2135,204113,2392114,361160,0,4445,15620,1,4,22,177,1,0,46847,3151108,34954,9745,2345150,130657,486,212,951,0,1,183,938,263635,725,6,3130,22948,51598,53143,102943,86876,100,101064,84123,41,169256
2020-05-16,213,33867,678414,1309279,0,4,7,154,133,1876,239,323,19,142,60,147,34,41,72,27,60,2947,3272,5019,11101,6545,15272,7483,10239,14430,22213,1643,185468,2176069,306245,0,4321,13377,1,2,24,159,0,0,42753,2826864,32206,8589,2133641,114327,440,216,807,0,0,185,877,222201,613,3,2978,20043,43401,44308,84639,73742,54,83387,71734,42,154296
2020-05-17,220,34749,708345,1355384,0,5,7,162,117,1870,265,332,21,131,73,147,37,39,63,28,61,3273,3300,5086,11181,6513,15443,7565,10189,15160,22635,1668,192271,2258762,311502,0,4401,14883,0,2,19,152,1,0,43359,2922579,32753,8646,2214385,116440,427,200,841,0,0,181,823,225305,599,5,3014,20296,43960,45075,84840,76169,47,83396,73999,36,160064
2020-05-18,220,35178,741388,1476739,0,4,8,191,189,1989,284,366,24,135,82,182,45,62,93,41,68,3411,3661,5443,11898,7659,16700,8474,11601,17002,26169,2256,209714,2424141,360664,0,4501,16242,0,5,25,178,0,0,46168,3188365,34211,9728,2377227,130527,517,224,926,0,1,196,930,263826,809,3,3107,22898,50807,52382,100216,89942,87,98645,87513,44,170615
2020-05-19,215,35286,766866,1504191,0,5,7,190,186,1989,280,360,24,147,82,174,46,52,78,35,71,3439,3602,5360,12121,7647,16634,8533,11591,17023,26060,2118,213652,2479630,360162,0,4429,16488,0,2,19,167,0,0,46782,3245992,34795,9795,2431588,130469,524,207,1054,0,0,193,953,263443,808,2,3110,23010,50673,52101,99659,90461,87,97845,87948,47,173072
2020-05-20,215,35079,768860,1495798,1,6,8,181,171,2042,306,349,25,144,83,174,41,53,75,35,64,3483,3626,5384,12145,7651,16581,8392,11407,16844,25930,2346,215654,2474054,359215,0,4453,17046,1,6,19,167,0,0,46449,3241193,34511,9736,2426592,130028,514,205,989,0,0,191,935,263319,793,2,3097,22874,50544,51903,98800,90854,111,97486,88480,43,174102
2020-05-21,219,35090,743023,1500664,0,6,7,180,170,1959,274,363,24,148,78,166,51,84,76,33,68,3544,3521,5306,11969,7484,16345,8117,11038,16461,24857,2330,212903,2451517,346191,0,4396,17268,1,2,22,150,0,0,46050,3191694,34378,9550,2403560,126419,503,206,1053,0,1,186,929,251870,730,3,3131,21893,48334,49699,94242,87510,81,92770,84962,47,172520
2020-05-22,210,34994,733748,1459928,2,5,8,170,182,1974,288,342,25,138,70,177,39,56,71,24,55,3427,3568,5313,11875,7445,16264,8108,11156,16473,24869,2452,214322,2401262,346382,0,4450,16888,1,2,22,158,0,1,46797,3143823,35021,9639,2353161,126205,490,205,931,0,0,180,936,252950,727,2,3122,21874,48274,49642,93539,88559,66,92598,86309,44,172382
2020-05-23,214,34613,704832,1380505,1,4,7,156,134,1909,255,344,21,128,70,143,36,50,60,26,60,3243,3356,5074,11351,7011,15347,7654,10267,14892,22134,2080,203357,2285333,309612,0,4378,15574,1,3,22,145,0,0,44353,2953780,33359,9024,2239748,115866,441,202,890,0,0,183,844,222523,652,4,3032,19707,42488,43608,80750,79368,73,79517,77079,44,165169
2020-05-24,212,34533,704184,1376001,0,5,7,167,109,1878,284,331,22,140,65,132,38,43,69,30,54,3143,3316,4996,11215,6393,15225,7488,10141,14880,21716,2017,203918,2280769,305989,0,4334,15769,1,2,20,144,0,0,43319,2944826,32719,8636,2235503,114047,440,199,885,0,1,177,836,220265,628,2,3005,19382,42007,42974,79497,79564,50,78008,77201,32,165838
2020-05-25,96,13851,385220,954538,0,3,3,100,92,1158,169,211,14,63,33,61,16,23,44,20,44,1888,2963,4531,9998,5582,13351,6558,9215,12660,19850,1982,176350,1504006,281876,0,3939,8386,1,1,13,163,0,0,25980,2129430,17635,6658,1481362,101960,347,177,411,0,1,156,732,207516,536,3,2717,18523,39971,41406,77246,72546,46,75818,69918,30,150300
2020-05-26,149,24486,616368,1284739,1,5,6,144,138,1637,242,303,19,111,60,136,39,36,54,28,48,2757,3339,5105,11279,6563,15495,7770,10763,15183,23214,2062,211494,2096469,328430,0,4312,12783,1,1,14,197,0,0,38025,2819948,27452,8603,2059854,118341,465,202,695,0,0,177,888,241338,690,6,2944,21035,45996,47374,88440,86027,52,87080,83548,39,170727
2020-05-27,218,35001,760580,1458554,1,5,8,183,177,2001,320,359,23,139,76,171,33,52,78,35,71,3568,3731,5496,12190,7706,16447,8368,11389,16601,25321,2169,228894,2434706,355157,0,4430,17043,1,3,18,177,0,0,46259,3207458,34404,9816,2386890,128613,520,205,950,0,0,193,936,259496,785,6,3091,22401,49054,50214,94213,93954,58,92743,91374,42,180353
2020-05-28,217,34981,741394,1463063,1,5,7,177,175,1976,286,352,21,139,72,179,41,54,75,34,59,3395,3728,5318,11968,7639,16526,8541,11464,17031,25296,2163,229344,2419181,354338,0,4462,16953,1,2,19,158,0,0,46174,3191333,34511,9593,2371459,128690,504,191,941,0,0,185,898,259054,791,5,3074,22240,48782,49887,93053,94618,58,91777,92345,40,179526
2020-05-29,213,34885,741058,1434941,0,5,9,176,177,1977,292,345,23,139,78,176,37,61,62,25,63,3432,3582,5372,11862,7601,16308,8390,11238,16400,25038,2375,231191,2391977,350696,0,4475,16859,1,3,19,157,0,0,46085,3159191,34489,9549,2344198,127091,516,195,962,0,0,186,934,255791,783,4,3060,22072,47931,49145,92139,94096,73,90555,91332,54,180880
2020-05-30,214,34516,705310,1353261,0,4,8,155,133,1874,240,332,20,132,64,151,40,45,64,28,50,3135,3373,5093,11330,7229,15320,7580,10158,14711,21877,1862,214648,2264218,306013,0,4364,16554,1,2,18,154,0,0,43718,2937130,33126,8743,2217921,115185,445,197,873,0,0,183,860,219662,684,4,2980,19523,41334,42037,77018,81890,60,75449,79642,46,170917
2020-05-31,218,34489,706810,1352362,0,5,7,143,113,1855,266,333,25,132,66,143,41,44,58,22,58,3225,3308,5052,11249,6409,15223,7521,10083,14644,21415,1768,214722,2264910,302566,0,4356,16413,1,1,23,177,0,0,42809,2933339,32477,8499,2219346,113159,470,226,817,0,0,195,926,217535,676,4,2983,19105,40932,41568,75803,81927,60,74243,79548,44,171031
2020-06-01,219,34835,734362,1440901,0,5,7,186,193,1975,324,357,27,132,75,170,41,79,80,37,61,3405,3621,5347,12011,7432,16257,8156,11082,16326,24482,2200,229416,2389279,343397,0,4400,16834,1,2,24,178,0,0,45358,3142040,33731,9692,2342710,125048,505,221,900,0,0,201,964,249586,776,2,3057,21400,46536,47405,88072,93790,62,86457,91308,50,178962
2020-06-02,213,35122,753746,1465438,0,5,8,183,179,1960,288,366,20,130,75,170,43,61,75,27,55,3432,3675,5357,12112,7617,16513,8390,11315,16525,25062,2339,236562,2437999,352803,0,4507,15102,1,5,17,167,0,0,45756,3215446,34069,9702,2392510,127551,452,203,954,0,1,182,863,256473,837,3,3047,22003,48011,49519,90136,97095,71,88145,94372,55,183479
2020-06-03,216,34908,757357,1464589,0,6,7,180,190,1944,295,345,21,134,82,176,42,58,86,36,61,3511,3642,5310,12392,7513,16492,8313,11271,16517,25142,2469,241175,2443589,355522,0,4512,17727,1,3,18,174,0,1,45398,3227656,33688,9706,2396064,127827,472,201,939,0,1,185,898,258132,906,8,3083,22006,48131,50531,90860,97823,73,88728,95202,68,186518
2020-06-04,215,35028,748018,1475337,0,6,7,181,177,1945,279,369,28,134,76,178,42,59,90,33,66,3493,3654,5325,12284,7587,16568,8426,11297,16425,24981,2486,245008,2448018,358312,0,4471,20974,1,2,14,166,0,0,45969,3237187,34128,9824,2397539,127603,496,196,949,0,1,178,924,260343,846,3,3047,21910,48875,50914,91547,99569,86,88995,96597,70,189419
2020-06-05,215,35014,735921,1466838,0,7,8,174,190,2004,281,359,22,128,72,176,42,52,81,33,67,3493,3520,5296,12278,7414,16454,8272,11191,16265,24672,2381,244186,2425913,351098,0,4446,26925,1,3,17,182,0,1,45816,3197300,34184,9723,2368729,126235,501,201,882,0,0,181,930,256357,870,7,3053,21673,46787,48683,89469,97936,78,88284,95619,64,187925
2020-06-06,215,34385,705533,1385818,0,4,7,159,153,1865,262,334,20,130,63,152,35,46,54,30,55,3148,3308,5060,11348,6955,15439,7626,10078,14467,21534,1975,225501,2302485,305245,0,4404,28754,1,3,18,154,0,0,44127,2972618,33541,8786,2243746,114110,436,201,864,0,1,173,855,219529,789,5,2967,19243,40416,42195,73926,84737,80,73292,82765,52,176533
2020-06-07,220,34276,701856,1391540,0,8,8,147,116,1853,240,323,19,122,66,147,38,50,57,25,60,3088,3252,4923,11153,6347,15256,7438,9970,14430,21174,2027,226158,2304028,303443,0,4446,27422,1,2,18,156,0,0,42281,2975585,32120,8402,2248171,112166,430,191,816,0,0,174,831,218853,750,5,2945,18889,39895,41843,73420,85766,77,72702,83610,57,176136
2020-06-11,216,34648,732218,1486307,0,5,7,177,157,1935,268,353,18,132,70,170,42,57,88,29,62,3312,3475,5307,12454,7484,16441,8134,10988,16182,24416,2495,253989,2446869,346861,0,4476,17904,1,1,18,193,0,0,44568,3230676,33090,9483,2400319,125428,520,193,876,0,0,174,941,252948,839,7,3016,21438,45228,47365,86063,99095,80,85275,97083,62,193480
2020-06-12,213,34497,708027,1448382,0,5,7,186,174,1921,279,356,22,134,70,158,43,63,76,30,56,3354,3487,5307,12132,7346,16249,8150,10849,15807,23660,2138,248349,2382064,338064,0,4472,14015,1,2,18,168,0,0,45402,3147200,33812,9566,2338333,122550,511,192,602,0,1,172,912,245249,762,4,2991,20768,44174,46401,82215,97317,72,81622,94878,50,190944
2020-06-13,217,34097,689365,1383618,0,4,7,138,145,1899,246,321,19,126,65,153,37,42,55,23,64,3081,3261,4966,11431,7062,15337,7485,9851,14330,20797,1836,236084,2291589,300212,0,4359,17579,1,1,18,175,0,0,43105,2975540,32730,8658,2245063,111999,449,189,580,0,0,171,836,215206,726,4,2946,18498,38683,40551,70511,86307,62,70208,84094,47,184292
2020-06-14,224,34066,687346,1402424,0,4,7,158,110,1866,263,326,21,123,65,140,34,46,55,28,50,3180,3228,4954,11429,6522,15240,7402,9801,14498,20778,2223,237732,2308134,302705,0,4425,18496,1,1,20,174,0,0,42520,2998297,32029,8654,2261752,111683,446,188,435,0,0,175,834,217561,754,6,2938,18447,38756,40866,71146,88077,65,70833,85775,52,184074
2020-06-22,220,34313,730184,1485192,1,4,6,194,202,1868,256,340,19,136,76,170,43,52,81,27,67,3531,3455,5277,12273,7352,16449,9510,10968,15922,23591,2398,270825,2451778,346739,0,4453,18595,1,2,18,174,0,0,44722,3251361,33239,9653,2404003,124452,534,186,700,0,1,195,937,252715,899,4,2988,20487,44095,44958,81584,105855,74,80949,103232,61,201868
2020-06-23,215,34477,748634,1478630,0,4,7,171,187,1912,299,347,22,138,69,174,43,67,77,32,56,3512,3503,5507,12245,7344,16387,9551,10931,15842,23579,2590,277346,2469117,348188,0,4450,19273,1,1,19,185,0,0,45991,3275244,34202,9926,2420289,124608,512,185,729,0,1,176,923,253230,889,8,2988,20606,44002,44952,82523,106035,82,81765,102909,63,207160
2020-06-24,218,34209,739025,1477973,0,5,8,179,163,1844,291,339,21,135,66,176,37,48,74,30,61,3463,3430,5212,12066,7219,16265,9474,10796,15644,23435,2553,277285,2459161,343307,0,4464,19135,1,3,20,202,0,0,44706,3258299,33522,9384,2411003,123482,508,194,785,0,0,173,959,249892,898,5,2981,20497,43125,43894,80647,105647,85,79789,102532,65,207736
2020-06-25,211,34136,731341,1471937,0,4,7,178,169,1826,259,332,19,135,76,178,43,63,76,32,54,3485,3386,5176,11465,7151,16302,9426,10799,15839,23394,2730,275806,2443466,341488,0,4459,19225,1,1,18,212,0,0,45160,3237671,33974,9366,2394690,122978,500,187,736,0,0,169,936,248798,970,4,2960,20414,42781,43647,80078,105082,77,79354,102250,65,205841
2020-06-26,217,34202,718372,1448865,0,5,6,168,153,1840,277,341,22,128,63,155,43,53,70,28,61,3580,3392,5154,11441,7092,16107,9313,10590,15399,22970,2468,274159,2406289,335637,0,4575,16601,1,4,17,197,0,0,45063,3190847,34142,9101,2360109,121206,485,178,747,0,1,162,1023,243978,826,4,2940,20134,41895,42805,78145,103692,76,77373,100754,52,204632
2020-06-27,214,33719,684708,1365808,1,3,7,143,130,1795,241,324,17,129,59,159,35,41,64,25,49,3223,3257,5175,11161,6726,15143,8731,9552,13802,20006,1929,257884,2281566,293840,0,4397,17709,1,1,18,214,0,0,42905,2975157,32398,8913,2235608,110204,440,177,649,0,2,160,862,209499,716,4,2866,17842,36202,36776,65217,89849,71,64582,87234,53,197115
2020-06-28,217,33816,682561,1382261,0,4,6,144,122,1801,248,320,18,129,58,142,33,42,62,23,52,3023,3210,4853,11576,6040,15075,8612,9494,13942,19873,1715,259052,2295538,293548,2,4394,18043,1,2,20,186,0,0,41636,2992260,31612,8430,2249810,109138,428,185,649,0,3,162,855,210767,695,3,2890,17671,36313,36893,64822,91137,79,64478,88660,57,196680
2020-06-29,215,34403,711798,1473356,1,5,6,179,188,1842,268,328,20,129,75,168,45,59,93,29,58,3518,3446,5277,11957,7191,16258,9448,10667,15630,23157,2542,279188,2427369,341197,0,4426,18940,1,1,18,212,0,0,44308,3225059,33114,9483,2379670,122501,500,204,780,0,2,194,946,248050,919,5,2986,20077,42431,43368,78488,106668,89,77711,103852,69,207595
2020-06-30,217,34189,734364,1473112,0,5,6,183,175,1866,273,348,22,140,69,173,43,62,96,27,56,3143,3432,5202,11817,7170,16282,9457,10794,15487,23261,2199,281814,2451304,340888,0,4514,17489,1,1,17,201,0,0,44755,3252568,33558,9424,2404731,121920,486,204,784,0,4,175,959,248282,824,6,2966,20321,42369,43393,78037,107586,84,77177,104560,59,209418
2020-07-01,220,33996,738244,1483135,0,6,8,196,187,1828,275,324,23,151,73,163,38,47,72,26,56,3551,3392,5197,11817,7205,16195,9285,10704,15272,23020,2226,282716,2465786,336762,0,4513,17789,1,1,19,213,1,0,44344,3261062,33124,9451,2419189,121241,489,201,783,0,4,176,943,245415,834,4,2952,20115,41945,42915,76404,106022,84,75752,103750,63,210187
2020-07-02,212,33965,719892,1509957,0,5,6,195,175,1847,271,339,19,157,74,168,49,55,83,32,63,3294,3494,5145,11989,7254,16331,9433,10685,15487,22759,2120,285493,2474906,338004,0,4465,19511,1,1,18,197,0,0,44383,3273079,33249,9465,2426380,121269,495,191,751,0,2,179,931,245918,805,6,2945,19895,42073,42947,76321,107131,76,75705,104440,49,210878
2020-07-03,222,33886,709236,1461553,0,4,7,179,164,1836,275,354,17,159,67,161,42,55,90,25,55,3432,3375,5101,11925,7208,16019,9326,10392,15090,22010,2222,284751,2415702,329402,0,4447,18944,1,4,21,183,0,0,44715,3196666,33413,9587,2367738,118659,506,192,846,0,2,181,953,237996,890,4,2952,19354,40214,41200,73467,105064,81,72731,101793,58,210803
2020-07-04,240,33726,693134,1387527,0,3,6,163,131,1781,235,320,20,153,66,146,39,64,50,25,53,3102,3308,4917,11063,6518,15152,8682,9463,13571,19462,1794,266593,2316747,289705,0,4460,18616,1,2,20,178,0,0,43116,3010306,32843,8675,2269421,108167,454,175,649,0,2,175,856,205985,651,3,2847,17247,34972,35697,62590,91067,64,61875,88344,46,202118
2020-07-05,225,33638,695261,1390949,0,4,6,145,105,1735,245,329,18,152,57,134,31,49,58,22,49,3287,3291,4825,11119,6087,15014,8492,9410,13629,19258,1668,266901,2321136,289031,0,4417,18179,1,1,18,166,0,0,41959,3016389,31863,8471,2275055,107157,453,184,670,0,2,181,873,206464,678,5,2858,17065,35336,36148,61634,91950,80,60984,89484,54,201061
2020-07-06,236,34072,727339,1495682,0,5,5,186,198,1840,262,333,22,156,67,157,44,57,88,30,70,3595,3406,5118,11802,7274,16349,9379,10672,15268,22654,2090,289831,2469925,338007,0,4554,18938,1,1,17,184,1,0,44958,3271477,33597,9654,2421654,120392,531,182,830,0,3,184,964,245175,829,7,2938,19618,40896,42008,75104,109682,86,74255,106573,59,212593
2020-07-07,214,34070,738386,1503719,0,6,6,188,176,1860,265,348,18,150,68,175,41,58,87,30,63,3401,3393,5135,11861,7278,16224,9411,10648,15244,22643,2657,294091,2492300,342418,0,4542,20158,1,2,19,183,1,0,45326,3304430,34043,9586,2443242,120852,541,195,810,0,2,189,1017,248732,863,8,2956,19757,41144,42293,77159,111435,97,76280,107656,68,215909
2020-07-08,233,33976,746832,1517565,1,5,9,200,182,1834,259,341,24,134,73,166,40,58,87,27,57,3598,3380,5126,11938,7399,16195,9494,10727,15292,22602,2958,296559,2516198,343613,0,4573,20281,1,3,19,189,0,0,44846,3332131,33580,9576,2467355,121510,547,202,766,0,3,193,1013,248567,922,5,2940,19621,40739,42032,76668,112619,88,75936,108330,74,217589
2020-07-09,224,34022,735336,1525415,0,4,8,188,166,1834,273,350,24,141,72,166,48,56,77,27,64,3466,3362,5033,11720,7399,16132,9528,10545,15191,22455,2469,297159,2513159,338269,0,4537,20016,1,1,22,186,0,0,45073,3321174,33756,9508,2464316,120080,516,198,787,0,3,179,969,245249,891,5,2927,19622,40387,41721,74656,111007,87,73951,107403,63,218159
2020-07-10,218,33953,727609,1525720,1,4,9,185,158,1810,278,347,18,182,71,177,45,50,78,23,59,3393,3388,5026,11863,7358,15951,9336,10354,14887,22140,2662,297934,2506605,333127,0,4507,20195,1,4,20,192,0,0,45181,3305794,33837,9512,2457342,118909,528,211,710,0,1,194,992,240907,783,3,2932,19351,39401,40788,73074,109327,85,72303,106073,61,219104
2020-07-11,216,33573,705236,1428369,0,3,7,161,151,1777,268,329,25,158,57,153,38,43,58,24,53,3274,3192,4805,11028,6670,15136,8580,9433,13425,19428,2332,279348,2377115,291529,0,4449,18932,1,1,20,190,0,0,43383,3086250,32832,8884,2329458,108152,469,194,610,0,0,178,892,207698,784,5,2848,17126,34120,35089,60817,94932,83,60241,92515,59,209721
2020-07-12,219,32693,678073,1373603,0,3,6,148,101,1741,251,306,18,128,55,137,32,42,55,20,50,3020,3079,4698,11001,5953,14790,8359,9236,13087,18886,1792,275843,2291779,283386,0,4430,16797,1,0,20,179,0,0,40521,2989840,30731,8217,2248029,104916,451,188,560,0,0,177,875,203102,710,4,2814,16826,33229,33973,58552,93798,69,58000,91466,53,207191
2020-07-13,224,33869,736551,1503285,0,3,7,203,197,1797,289,352,23,128,66,158,45,57,71,26,59,3593,3336,5068,11594,7163,16197,9228,10348,15053,22123,2700,300893,2493945,334442,0,4496,18596,1,4,17,185,0,0,44646,3301501,33435,9426,2446542,118918,527,194,709,0,0,188,962,242966,941,4,2932,19195,39846,41010,72232,111209,107,71608,108364,76,220016
2020-07-14,222,33921,747176,1506525,0,4,8,186,184,1812,283,345,22,119,67,164,43,51,92,24,56,3313,3372,5047,11551,7520,16147,9131,10376,14893,21988,2504,304228,2511265,332506,0,4520,20990,1,4,21,189,0,0,45104,3316083,34073,9336,2460784,118342,533,198,822,0,0,196,982,241863,950,3,2904,19130,40066,40955,71381,110778,90,70917,107833,60,223421
2020-07-15,219,33939,756509,1512279,0,4,6,192,182,1805,295,352,22,126,73,170,41,71,85,26,57,3642,3408,5027,11815,7245,16324,9375,10487,15103,22347,2537,308616,2529463,336961,0,4558,20936,1,6,18,192,0,0,45179,3345350,33896,9562,2479349,119883,548,191,803,0,0,190,978,244049,878,4,2918,19393,39574,40464,72923,112655,102,71939,109272,71,226517
2020-07-16,218,33839,736096,1510322,0,4,5,176,174,1805,288,342,20,128,66,166,48,64,82,27,52,3321,3325,5007,11726,7425,16231,9276,10473,15146,22120,2577,307611,2505098,335883,0,4530,21040,1,6,20,208,0,0,44573,3318797,33585,9290,2455343,119150,531,204,842,0,0,188,1006,243556,937,2,2887,19181,38919,39871,72995,112841,102,71962,109598,70,224623
2020-07-17,226,34333,731885,1512372,0,4,7,178,166,1766,259,345,25,127,69,162,41,53,71,28,59,3586,3372,5033,11694,7176,15994,9164,10274,14859,21671,2426,307810,2505355,327132,0,4519,19541,1,2,20,158,1,1,45026,3304798,33887,9401,2456290,117304,514,204,861,0,0,192,979,236698,896,4,2901,18878,38138,39040,69476,109908,99,68726,107075,80,226539
2020-07-18,218,33567,699354,1421729,0,3,8,145,142,1736,228,325,18,128,58,138,36,41,53,21,50,3151,3085,4825,11211,6804,15128,8535,9331,13405,18964,1799,285822,2368149,287388,0,4389,18856,1,2,18,166,0,0,42864,3076848,32748,8620,2320663,106780,483,191,713,0,0,187,931,204292,676,5,2834,16719,32711,33400,58575,95958,87,58011,93270,66,213281
2020-07-19,217,33545,704841,1416330,0,4,7,137,103,1701,235,331,17,130,58,126,36,52,52,23,51,3282,3038,4647,11061,6175,15022,8419,9240,13206,18606,1754,284817,2367328,285070,0,4426,18506,1,2,21,143,1,0,41609,3073707,31833,8336,2321053,104917,484,193,727,0,0,180,915,203702,679,3,2805,16476,32705,33382,57754,96348,73,57274,93704,56,212395
2020-07-20,230,33860,733228,1507032,0,4,7,197,190,1785,261,340,21,139,70,184,40,61,87,30,60,3876,3305,5007,11505,7282,16288,9136,10247,14905,21933,2564,307760,2498539,332977,0,4508,21442,1,3,19,184,0,0,44648,3306878,33491,9491,2448531,118195,537,191,886,0,1,193,991,241315,838,5,2875,18950,38275,39268,71281,112800,104,70336,109955,81,224188
2020-07-21,223,33937,742107,1507839,0,6,7,168,163,1769,284,351,25,125,68,155,43,55,73,24,57,3421,3268,4954,11419,7331,16054,9233,10275,14887,21856,2907,312505,2511695,332593,0,4466,21118,1,5,20,192,0,0,44825,3324379,33967,9199,2460987,118021,530,193,912,0,1,194,962,241148,867,3,2887,19001,38823,39965,70507,113044,99,69460,110040,67,227588
2020-07-22,225,33818,747306,1523040,0,4,7,189,193,1770,267,341,24,137,70,157,43,49,71,26,60,3521,3256,4956,11531,7175,16061,9174,10266,14884,21839,2389,312255,2531598,329594,0,4519,22627,1,5,22,197,0,0,44550,3338216,33754,9163,2479459,117407,521,198,1040,0,0,188,1018,239775,839,5,2849,18913,38292,39647,69145,112237,105,68664,110136,77,227209
2020-07-23,221,33803,735187,1504325,0,4,7,167,190,1764,263,352,21,135,75,162,37,57,76,35,54,3522,3276,4940,11440,7359,16006,9088,10274,14808,21855,3223,313863,2500739,328267,0,4571,20311,1,4,21,190,0,0,44609,3307998,33604,9308,2450848,117959,569,196,1087,0,0,191,1058,238532,1360,2,2861,18905,37784,38596,67877,112495,109,67526,110016,78,227203
2020-07-24,213,33482,715330,1488073,0,4,9,163,167,1767,261,333,21,134,73,165,46,49,73,32,57,3346,3253,4936,11444,7113,15852,8940,10091,14507,21506,3711,313247,2464202,324005,0,4576,20933,1,2,19,195,0,0,44233,3262976,33624,9008,2413895,117020,513,203,1033,0,2,189,982,235285,1600,5,2857,18803,36823,37605,66996,111248,103,66631,108496,70,227102
2020-07-25,216,33141,701444,1417868,0,3,7,157,143,1712,236,336,21,121,62,147,35,48,56,23,51,3220,3058,4672,10977,6647,14936,8422,9087,13064,18528,1908,295523,2370106,283607,0,4461,19098,1,1,19,155,0,0,42573,3082786,32557,8555,2322385,104702,484,190,930,0,0,182,924,202660,766,4,2769,16342,31879,32351,56361,97125,93,56068,94768,64,217437
2020-07-26,222,33113,701983,1414294,1,5,10,146,121,1690,234,334,20,127,66,141,44,63,53,21,51,3171,2997,4629,10843,5924,14856,8306,9098,13105,18234,1979,294917,2366866,281700,0,4389,19112,1,1,20,174,0,0,41531,3077901,31777,8275,2319749,103387,480,202,924,0,0,188,915,202477,804,2,2794,16083,31505,32027,55643,97663,98,55552,95666,71,217254
2020-07-27,212,33600,732089,1525690,1,4,8,172,194,1753,274,355,40,131,76,161,49,62,72,27,64,3490,3215,5012,11422,6848,16068,9064,10091,14704,21368,2888,320994,2521989,328653,0,4527,19846,1,2,22,191,0,0,44340,3339103,33413,9273,2473257,115999,532,200,1141,0,0,194,960,239663,972,3,2871,18450,37276,38245,68025,114669,101,67799,112217,75,230398
